snapshot_date,office,race_id,state,primary_status,dem_candidate,dem_woman,dem_gender_basis,rep_candidate,rep_woman,rep_gender_basis,race_rating,dem_win_probability,rep_win_probability,expected_woman,notes,candidate_source,rating_source,gender_source,not_up_women_baseline
2026-10-09,Senate,AK,AK,Completed — top four,Mary Peltola,1,Woman — Rutgers CAWP roster,Dan Sullivan,0,Man — inferred (not on CAWP women roster),Toss-up,0.735000,0.265000,0.735000,Kalshi SENATEAK-26-D and SENATEAK-26-R bid/ask midpoints normalized across the two displayed candidates.,https://www.270towin.com/2026-senate-election/cook-political-report-2026-senate,https://www.270towin.com/2026-senate-election/cook-political-report-2026-senate,https://cawp.rutgers.edu/data/candidates-women-candidates-2026,18
2026-10-09,Senate,AL,AL,Completed,Everett Wess,0,Man — inferred (not on CAWP women roster),Barry Moore,0,Man — inferred (not on CAWP women roster),Solid R,0.023012,0.976988,0.000000,Kalshi SENATEAL-26-D and SENATEAL-26-R bid/ask midpoints normalized across the two displayed candidates.,https://www.270towin.com/2026-senate-election/cook-political-report-2026-senate,https://www.270towin.com/2026-senate-election/cook-political-report-2026-senate,https://cawp.rutgers.edu/data/candidates-women-candidates-2026,18
2026-10-09,Senate,AR,AR,Completed,Hallie Shoffner,1,Woman — Rutgers CAWP roster,Tom Cotton,0,Man — inferred (not on CAWP women roster),Solid R,0.064211,0.935789,0.064211,Kalshi SENATEAR-26-D and SENATEAR-26-R bid/ask midpoints normalized across the two displayed candidates.,https://www.270towin.com/2026-senate-election/cook-political-report-2026-senate,https://www.270towin.com/2026-senate-election/cook-political-report-2026-senate,https://cawp.rutgers.edu/data/candidates-women-candidates-2026,18
2026-10-09,Senate,CO,CO,Completed,John Hickenlooper,0,Man — inferred (not on CAWP women roster),Mark Baisley,0,Man — inferred (not on CAWP women roster),Solid D,0.990973,0.009027,0.000000,Kalshi SENATECO-26-D and SENATECO-26-R bid/ask midpoints normalized across the two displayed candidates.,https://www.270towin.com/2026-senate-election/cook-political-report-2026-senate,https://www.270towin.com/2026-senate-election/cook-political-report-2026-senate,https://cawp.rutgers.edu/data/candidates-women-candidates-2026,18
2026-10-09,Senate,DE,DE,Future primary,Chris Coons,0,Man — inferred (not on CAWP women roster),Unknown,0,Unknown candidate,Solid D,0.983623,0.016377,0.000000,Kalshi SENATEDE-26-D and SENATEDE-26-R bid/ask midpoints normalized across the two displayed candidates.,https://www.270towin.com/2026-senate-election/cook-political-report-2026-senate,https://www.270towin.com/2026-senate-election/cook-political-report-2026-senate,https://cawp.rutgers.edu/data/candidates-women-candidates-2026,18
2026-10-09,Senate,FL,FL,Completed,Angie Nixon,1,Woman — Rutgers CAWP roster,Ashley Moody,1,Woman — Rutgers CAWP roster,Solid R,0.091771,0.908229,1.000000,Kalshi SENATEFLS-26-D and SENATEFLS-26-R bid/ask midpoints normalized across the two displayed candidates.,https://www.270towin.com/2026-senate-election/cook-political-report-2026-senate,https://www.270towin.com/2026-senate-election/cook-political-report-2026-senate,https://cawp.rutgers.edu/data/candidates-women-candidates-2026,18
2026-10-09,Senate,GA,GA,Completed,Jon Ossoff,0,Man — inferred (not on CAWP women roster),Mike Collins,0,Man — inferred (not on CAWP women roster),Likely D,0.957393,0.042607,0.000000,Kalshi SENATEGA-26-D and SENATEGA-26-R bid/ask midpoints normalized across the two displayed candidates.,https://www.270towin.com/2026-senate-election/cook-political-report-2026-senate,https://www.270towin.com/2026-senate-election/cook-political-report-2026-senate,https://cawp.rutgers.edu/data/candidates-women-candidates-2026,18
2026-10-09,Senate,IA,IA,Completed,Josh Turek,0,Man — inferred (not on CAWP women roster),Ashley Hinson,1,Woman — Rutgers CAWP roster,Toss-up,0.435000,0.565000,0.565000,Kalshi SENATEIA-26-D and SENATEIA-26-R bid/ask midpoints normalized across the two displayed candidates.,https://www.270towin.com/2026-senate-election/cook-political-report-2026-senate,https://www.270towin.com/2026-senate-election/cook-political-report-2026-senate,https://cawp.rutgers.edu/data/candidates-women-candidates-2026,18
2026-08-22,Senate,ID,ID,Completed,Todd Achilles,0,Man — inferred (not on CAWP women roster),Jim Risch,0,Man — inferred (not on CAWP women roster),Solid R,0.054918,0.945082,0.000000,Kalshi SENATEID-26-TACH and SENATEID-26-R bid/ask midpoints normalized across the two displayed candidates.,https://www.270towin.com/2026-senate-election/cook-political-report-2026-senate,https://www.270towin.com/2026-senate-election/cook-political-report-2026-senate,https://cawp.rutgers.edu/data/candidates-women-candidates-2026,18
2026-10-09,Senate,IL,IL,Completed,Juliana Stratton,1,Woman — Rutgers CAWP roster,Don Tracy,0,Man — inferred (not on CAWP women roster),Solid D,0.973606,0.026394,0.973606,Kalshi SENATEIL-26-D and SENATEIL-26-R bid/ask midpoints normalized across the two displayed candidates.,https://www.270towin.com/2026-senate-election/cook-political-report-2026-senate,https://www.270towin.com/2026-senate-election/cook-political-report-2026-senate,https://cawp.rutgers.edu/data/candidates-women-candidates-2026,18
2026-10-09,Senate,KS,KS,Completed,Adam Hamilton,0,Man — inferred (not on CAWP women roster),Roger Marshall,0,Man — inferred (not on CAWP women roster),Lean R,0.375000,0.625000,0.000000,Kalshi SENATEKS-26-D and SENATEKS-26-R bid/ask midpoints normalized across the two displayed candidates.,https://www.270towin.com/2026-senate-election/cook-political-report-2026-senate,https://www.270towin.com/2026-senate-election/cook-political-report-2026-senate,https://cawp.rutgers.edu/data/candidates-women-candidates-2026,18
2026-10-09,Senate,KY,KY,Completed,Charles Booker,0,Man — inferred (not on CAWP women roster),Andy Barr,0,Man — inferred (not on CAWP women roster),Solid R,0.038693,0.961307,0.000000,Kalshi SENATELA-26-D and SENATELA-26-R bid/ask midpoints normalized across the two displayed candidates.,https://www.270towin.com/2026-senate-election/cook-political-report-2026-senate,https://www.270towin.com/2026-senate-election/cook-political-report-2026-senate,https://cawp.rutgers.edu/data/candidates-women-candidates-2026,18
2026-10-09,Senate,LA,LA,Completed,Jamie Davis,0,Man — inferred (not on CAWP women roster),Julia Letlow,1,Woman — Rutgers CAWP roster,Solid R,0.050633,0.949367,0.949367,Kalshi KXSENATELA-26NOV-D and KXSENATELA-26NOV-R bid/ask midpoints normalized across the two displayed candidates.,https://www.270towin.com/2026-senate-election/cook-political-report-2026-senate,https://www.270towin.com/2026-senate-election/cook-political-report-2026-senate,https://cawp.rutgers.edu/data/candidates-women-candidates-2026,18
2026-10-09,Senate,MA,MA,Completed,Ed Markey,0,Man — inferred (not on CAWP women roster),John Deaton,0,Man — inferred (not on CAWP women roster),Solid D,0.980539,0.019461,0.000000,Primary resolved; Markey will face Republican nominee Deaton. Kalshi SENATEMA-26-D and SENATEMA-26-R bid/ask midpoints normalized across the two displayed candidates.,https://apnews.com/article/massachusetts-senate-primary-election-markey-moulton-7968135279320c758b0fd4750d864db9,https://www.270towin.com/2026-senate-election/cook-political-report-2026-senate,https://cawp.rutgers.edu/data/candidates-women-candidates-2026,18
2026-10-09,Senate,ME,ME,Completed,Troy Jackson,0,Man — inferred (not on CAWP women roster),Susan Collins,1,Woman — Rutgers CAWP roster,Toss-up,0.575000,0.425000,0.425000,Kalshi SENATEME-26-D and SENATEME-26-R bid/ask midpoints normalized across the two displayed candidates.,https://www.270towin.com/2026-senate-election/cook-political-report-2026-senate,https://www.270towin.com/2026-senate-election/cook-political-report-2026-senate,https://cawp.rutgers.edu/data/candidates-women-candidates-2026,18
2026-10-09,Senate,MI,MI,Completed,Abdul El-Sayed,0,Man — inferred (not on CAWP women roster),Mike Rogers,0,Man — inferred (not on CAWP women roster),Toss-up,0.665000,0.335000,0.000000,Kalshi SENATEMI-26-D and SENATEMI-26-R bid/ask midpoints normalized across the two displayed candidates.,https://www.270towin.com/2026-senate-election/cook-political-report-2026-senate,https://www.270towin.com/2026-senate-election/cook-political-report-2026-senate,https://cawp.rutgers.edu/data/candidates-women-candidates-2026,18
2026-10-09,Senate,MN,MN,Completed,Peggy Flanagan,1,Woman — Rutgers CAWP roster,Michele Tafoya,1,Woman — Rutgers CAWP roster,Likely D,0.865000,0.135000,1.000000,Kalshi SENATEMN-26-D and SENATEMN-26-R bid/ask midpoints normalized across the two displayed candidates.,https://www.270towin.com/2026-senate-election/cook-political-report-2026-senate,https://www.270towin.com/2026-senate-election/cook-political-report-2026-senate,https://cawp.rutgers.edu/data/candidates-women-candidates-2026,18
2026-10-09,Senate,MS,MS,Completed,Scott Colom,0,Man — inferred (not on CAWP women roster),Cindy Hyde-Smith,1,Woman — Rutgers CAWP roster,Solid R,0.086070,0.913930,0.913930,Kalshi SENATEMS-26-D and SENATEMS-26-R bid/ask midpoints normalized across the two displayed candidates.,https://www.270towin.com/2026-senate-election/cook-political-report-2026-senate,https://www.270towin.com/2026-senate-election/cook-political-report-2026-senate,https://cawp.rutgers.edu/data/candidates-women-candidates-2026,18
2026-10-09,Senate,MT,MT,Completed,Alani Bankhead,1,Woman — Rutgers CAWP roster,Kurt Alme,0,Man — inferred (not on CAWP women roster),Solid R,0.009009,0.990991,0.009009,Kalshi SENATEMT-26-D and SENATEMT-26-R bid/ask midpoints normalized across the two displayed candidates.,https://www.270towin.com/2026-senate-election/cook-political-report-2026-senate,https://www.270towin.com/2026-senate-election/cook-political-report-2026-senate,https://cawp.rutgers.edu/data/candidates-women-candidates-2026,18
2026-10-09,Senate,NC,NC,Completed,Roy Cooper,0,Man — inferred (not on CAWP women roster),Michael Whatley,0,Man — inferred (not on CAWP women roster),Lean D,0.963074,0.036926,0.000000,Kalshi SENATENC-26-D and SENATENC-26-R bid/ask midpoints normalized across the two displayed candidates.,https://www.270towin.com/2026-senate-election/cook-political-report-2026-senate,https://www.270towin.com/2026-senate-election/cook-political-report-2026-senate,https://cawp.rutgers.edu/data/candidates-women-candidates-2026,18
2026-08-22,Senate,NE,NE,Completed,Dan Osborn (I),0,Independent principal opponent,Pete Ricketts,0,Man — inferred (not on CAWP women roster),Likely R,0.295000,0.705000,0.000000,Kalshi SENATENE-26-DOSB and SENATENE-26-R bid/ask midpoints normalized across the two displayed candidates.,https://www.270towin.com/2026-senate-election/cook-political-report-2026-senate,https://www.270towin.com/2026-senate-election/cook-political-report-2026-senate,https://cawp.rutgers.edu/data/candidates-women-candidates-2026,18
2026-10-09,Senate,NH,NH,Completed,Chris Pappas,0,Man — inferred (not on CAWP women roster),John E. Sununu,0,Man — inferred (not on CAWP women roster),Toss-up,0.894472,0.105528,0.000000,Primary resolved; Pappas will face Republican nominee Sununu. Kalshi SENATENH-26-D and SENATENH-26-R bid/ask midpoints normalized across the two displayed candidates.,https://apnews.com/article/new-hampshire-primary-congress-sununu-brown-133cf52dd8c065515ebca1675cf51682,https://www.270towin.com/2026-senate-election/cook-political-report-2026-senate,https://cawp.rutgers.edu/data/candidates-women-candidates-2026,18
2026-10-09,Senate,NJ,NJ,Completed,Cory Booker,0,Man — inferred (not on CAWP women roster),Justin Murphy,0,Man — inferred (not on CAWP women roster),Solid D,0.982394,0.017606,0.000000,Kalshi SENATENJ-26-D and SENATENJ-26-R bid/ask midpoints normalized across the two displayed candidates.,https://www.270towin.com/2026-senate-election/cook-political-report-2026-senate,https://www.270towin.com/2026-senate-election/cook-political-report-2026-senate,https://cawp.rutgers.edu/data/candidates-women-candidates-2026,18
2026-10-09,Senate,NM,NM,Completed,Ben Ray Luján,0,Man — inferred (not on CAWP women roster),Larry Marker,0,Man — inferred (not on CAWP women roster),Solid D,0.985339,0.014661,0.000000,Kalshi SENATENM-26-D and SENATENM-26-R bid/ask midpoints normalized across the two displayed candidates.,https://www.270towin.com/2026-senate-election/cook-political-report-2026-senate,https://www.270towin.com/2026-senate-election/cook-political-report-2026-senate,https://cawp.rutgers.edu/data/candidates-women-candidates-2026,18
2026-10-09,Senate,OH,OH,Completed,Sherrod Brown,0,Man — inferred (not on CAWP women roster),Jon Husted,0,Man — inferred (not on CAWP women roster),Toss-up,0.615000,0.385000,0.000000,Kalshi SENATEOHS-26-D and SENATEOHS-26-R bid/ask midpoints normalized across the two displayed candidates.,https://www.270towin.com/2026-senate-election/cook-political-report-2026-senate,https://www.270towin.com/2026-senate-election/cook-political-report-2026-senate,https://cawp.rutgers.edu/data/candidates-women-candidates-2026,18
2026-10-09,Senate,OK,OK,Runoff pending,Unknown,0,Unknown candidate,Kevin Hern,0,Man — inferred (not on CAWP women roster),Solid R,0.038883,0.961117,0.000000,Kalshi SENATEOK-26-D and SENATEOK-26-R bid/ask midpoints normalized across the two displayed candidates.,https://www.270towin.com/2026-senate-election/cook-political-report-2026-senate,https://www.270towin.com/2026-senate-election/cook-political-report-2026-senate,https://cawp.rutgers.edu/data/candidates-women-candidates-2026,18
2026-10-09,Senate,OR,OR,Completed,Jeff Merkley,0,Man — inferred (not on CAWP women roster),David Smith,0,Man — inferred (not on CAWP women roster),Solid D,0.979561,0.020439,0.000000,Kalshi SENATEOR-26-D and SENATEOR-26-R bid/ask midpoints normalized across the two displayed candidates.,https://www.270towin.com/2026-senate-election/cook-political-report-2026-senate,https://www.270towin.com/2026-senate-election/cook-political-report-2026-senate,https://cawp.rutgers.edu/data/candidates-women-candidates-2026,18
2026-10-09,Senate,RI,RI,Future primary,Jack Reed,0,Man — inferred (not on CAWP women roster),Unknown,0,Unknown candidate,Solid D,0.989985,0.010015,0.000000,Kalshi SENATERI-26-D and SENATERI-26-R bid/ask midpoints normalized across the two displayed candidates.,https://www.270towin.com/2026-senate-election/cook-political-report-2026-senate,https://www.270towin.com/2026-senate-election/cook-political-report-2026-senate,https://cawp.rutgers.edu/data/candidates-women-candidates-2026,18
2026-10-09,Senate,SC,SC,Completed,Annie Andrews,1,Woman — Rutgers CAWP roster,Darline Graham,1,Woman — verified candidate,Likely R,0.145000,0.855000,1.000000,Republican runoff resolved; Darline Graham is the nominee. Kalshi SENATESC-26-D and SENATESC-26-R bid/ask midpoints normalized across the two displayed candidates.,https://apnews.com/article/03899983c3702842039e99d62e16ddad,https://www.270towin.com/2026-senate-election/cook-political-report-2026-senate,https://www.dgraham.senate.gov/,18
2026-08-22,Senate,SD,SD,Completed,Brian Bengs,0,Man — inferred (not on CAWP women roster),Mike Rounds,0,Man — inferred (not on CAWP women roster),Solid R,0.054726,0.945274,0.000000,Kalshi SENATESD-26-BBEN and SENATESD-26-R bid/ask midpoints normalized across the two displayed candidates.,https://www.270towin.com/2026-senate-election/cook-political-report-2026-senate,https://www.270towin.com/2026-senate-election/cook-political-report-2026-senate,https://cawp.rutgers.edu/data/candidates-women-candidates-2026,18
2026-10-09,Senate,TN,TN,Completed,Marquita Bradshaw,1,Woman — Rutgers CAWP roster,Bill Hagerty,0,Man — inferred (not on CAWP women roster),Solid R,0.058941,0.941059,0.058941,Kalshi SENATETN-26-D and SENATETN-26-R bid/ask midpoints normalized across the two displayed candidates.,https://www.270towin.com/2026-senate-election/cook-political-report-2026-senate,https://www.270towin.com/2026-senate-election/cook-political-report-2026-senate,https://cawp.rutgers.edu/data/candidates-women-candidates-2026,18
2026-10-09,Senate,TX,TX,Completed,James Talarico,0,Man — inferred (not on CAWP women roster),Ken Paxton,0,Man — inferred (not on CAWP women roster),Toss-up,0.625000,0.375000,0.000000,Kalshi SENATETX-26-D and SENATETX-26-R bid/ask midpoints normalized across the two displayed candidates.,https://www.270towin.com/2026-senate-election/cook-political-report-2026-senate,https://www.270towin.com/2026-senate-election/cook-political-report-2026-senate,https://cawp.rutgers.edu/data/candidates-women-candidates-2026,18
2026-10-06,Senate,VA,VA,Completed,Mark Warner,0,Man — inferred (not on CAWP women roster),Bert Mizusawa,0,Man — inferred (not on CAWP women roster),Solid D,0.988442,0.011558,0.000000,Kalshi SENATEVA-26-D and SENATEVA-26-R bid/ask midpoints normalized across the two displayed candidates.,https://www.270towin.com/2026-senate-election/cook-political-report-2026-senate,https://www.270towin.com/2026-senate-election/cook-political-report-2026-senate,https://cawp.rutgers.edu/data/candidates-women-candidates-2026,18
2026-10-08,Senate,WV,WV,Completed,Rachel Fetty Anderson,1,Woman — Rutgers CAWP roster,Shelley Moore Capito,1,Woman — Rutgers CAWP roster,Solid R,0.021021,0.978979,1.000000,Kalshi SENATEWV-26-D and SENATEWV-26-R bid/ask midpoints normalized across the two displayed candidates.,https://www.270towin.com/2026-senate-election/cook-political-report-2026-senate,https://www.270towin.com/2026-senate-election/cook-political-report-2026-senate,https://cawp.rutgers.edu/data/candidates-women-candidates-2026,18
2026-10-09,Senate,WY,WY,Completed,James Byrd,0,Man — inferred (not on CAWP women roster),Harriet Hageman,1,Woman — Rutgers CAWP roster,Solid R,0.024463,0.975537,0.975537,Kalshi SENATEWY-26-D and SENATEWY-26-R bid/ask midpoints normalized across the two displayed candidates.,https://www.270towin.com/2026-senate-election/cook-political-report-2026-senate,https://www.270towin.com/2026-senate-election/cook-political-report-2026-senate,https://cawp.rutgers.edu/data/candidates-women-candidates-2026,18
